CREATE DATABASE `electrorent`;

USE `electrorent`;

CREATE TABLE `cliente` (
  `rut` VARCHAR(12) PRIMARY KEY NOT NULL,
  `nombre` VARCHAR(100),
  `correo` VARCHAR(100),
  `direccion` VARCHAR(255)
);

CREATE TABLE `dispositivo` (
  `id` VARCHAR(36) PRIMARY KEY NOT NULL,
  `codigo` VARCHAR(50),
  `marca` VARCHAR(100),
  `modelo` VARCHAR(100),
  `estado` VARCHAR(50),
  `id_categoria` INT NOT NULL
);

CREATE TABLE `categoria` (
  `id` INT PRIMARY KEY AUTO_INCREMENT,
  `nombre` VARCHAR(100)
);

CREATE TABLE `arriendo` (
  `id` VARCHAR(36) PRIMARY KEY NOT NULL,
  `rut_cliente` VARCHAR(12) NOT NULL,
  `fecha_inicio` DATE,
  `fecha_fin` DATE,
  `costo_total` INT
);

CREATE TABLE `arriendo_dispositivo` (
  `id_arriendo` VARCHAR(36) NOT NULL,
  `id_dispositivo` VARCHAR(36) NOT NULL,
  PRIMARY KEY (`id_arriendo`, `id_dispositivo`)
);

CREATE TABLE `inventario` (
  `id_dispositivo` VARCHAR(36) PRIMARY KEY NOT NULL,
  `estado_inventario` VARCHAR(50),
  `ubicacion` VARCHAR(255)
);

ALTER TABLE `dispositivo` ADD FOREIGN KEY (`id_categoria`) REFERENCES `categoria` (`id`);

ALTER TABLE `arriendo` ADD FOREIGN KEY (`rut_cliente`) REFERENCES `cliente` (`rut`);

ALTER TABLE `arriendo_dispositivo` ADD FOREIGN KEY (`id_arriendo`) REFERENCES `arriendo` (`id`);

ALTER TABLE `arriendo_dispositivo` ADD FOREIGN KEY (`id_dispositivo`) REFERENCES `dispositivo` (`id`);

ALTER TABLE `inventario` ADD FOREIGN KEY (`id_dispositivo`) REFERENCES `dispositivo` (`id`);

INSERT INTO categoria (nombre) VALUES ('Notebooks');
INSERT INTO categoria (nombre) VALUES ('Smartphones');
INSERT INTO categoria (nombre) VALUES ('Tablets');
INSERT INTO categoria (nombre) VALUES ('Consolas');
INSERT INTO categoria (nombre) VALUES ('Cámaras');
INSERT INTO categoria (nombre) VALUES ('Drones');
INSERT INTO categoria (nombre) VALUES ('Televisores');
INSERT INTO categoria (nombre) VALUES ('Proyectores');
INSERT INTO dispositivo (id, codigo, marca, modelo, estado, id_categoria) VALUES ('94211476-8d5c-4c23-a0f5-0e4d23d84cee', 'NOT-01', 'Samsung', 'Modelo1', 'NUEVO', 1);
INSERT INTO dispositivo (id, codigo, marca, modelo, estado, id_categoria) VALUES ('f47a1c35-1816-4d2e-8a65-b7f3c4c9dbfc', 'NOT-02', 'HP', 'Modelo2', 'NUEVO', 1);
INSERT INTO dispositivo (id, codigo, marca, modelo, estado, id_categoria) VALUES ('47d25496-82f0-4d79-9efb-6b070606d629', 'NOT-03', 'Panasonic', 'Modelo3', 'USADO', 1);
INSERT INTO dispositivo (id, codigo, marca, modelo, estado, id_categoria) VALUES ('f9463fde-10b5-4efa-90d1-3ca846e4e5bc', 'NOT-04', 'Dell', 'Modelo4', 'NUEVO', 1);
INSERT INTO dispositivo (id, codigo, marca, modelo, estado, id_categoria) VALUES ('b16b2daf-bf9d-4320-9abe-825dbfaa13b3', 'NOT-05', 'LG', 'Modelo5', 'FUERA_DE_SERVICIO', 1);
INSERT INTO dispositivo (id, codigo, marca, modelo, estado, id_categoria) VALUES ('aa4824bd-c7de-42b0-8ca1-9b0c80536b7e', 'NOT-06', 'Acer', 'Modelo6', 'USADO', 1);
INSERT INTO dispositivo (id, codigo, marca, modelo, estado, id_categoria) VALUES ('52ed4ad5-f672-41c1-8d56-dbe9eb5adca5', 'NOT-07', 'Huawei', 'Modelo7', 'FUERA_DE_SERVICIO', 1);
INSERT INTO dispositivo (id, codigo, marca, modelo, estado, id_categoria) VALUES ('b1e7a5d8-f611-4982-94a8-f77bd1c35fd0', 'NOT-08', 'Intel', 'Modelo8', 'FUERA_DE_SERVICIO', 1);
INSERT INTO dispositivo (id, codigo, marca, modelo, estado, id_categoria) VALUES ('59dc5efa-fc04-4197-adae-60d270bc5ae3', 'NOT-09', 'Amazon', 'Modelo9', 'NUEVO', 1);
INSERT INTO dispositivo (id, codigo, marca, modelo, estado, id_categoria) VALUES ('03288a39-b6d2-4b5b-b892-d2895423dc32', 'NOT-10', 'Toshiba', 'Modelo10', 'NUEVO', 1);
INSERT INTO dispositivo (id, codigo, marca, modelo, estado, id_categoria) VALUES ('61e95f6d-9caa-4ebe-bd68-8fd5f39a1d74', 'SMA-01', 'Samsung', 'Modelo1', 'NUEVO', 2);
INSERT INTO dispositivo (id, codigo, marca, modelo, estado, id_categoria) VALUES ('b4a0e58d-c0df-47ff-a4f0-1abd8aae10e8', 'SMA-02', 'HP', 'Modelo2', 'FUERA_DE_SERVICIO', 2);
INSERT INTO dispositivo (id, codigo, marca, modelo, estado, id_categoria) VALUES ('6f11cc2e-3f28-4669-b628-c9196754452f', 'SMA-03', 'Panasonic', 'Modelo3', 'USADO', 2);
INSERT INTO dispositivo (id, codigo, marca, modelo, estado, id_categoria) VALUES ('52d45fb0-4f2b-4b62-8a0f-fb742563c1a4', 'SMA-04', 'Dell', 'Modelo4', 'USADO', 2);
INSERT INTO dispositivo (id, codigo, marca, modelo, estado, id_categoria) VALUES ('3f8f1740-985c-4b9a-883c-4af53f2eefbd', 'SMA-05', 'LG', 'Modelo5', 'NUEVO', 2);
INSERT INTO dispositivo (id, codigo, marca, modelo, estado, id_categoria) VALUES ('0f749b14-4340-49fe-9320-a511a7e5e0ce', 'SMA-06', 'Acer', 'Modelo6', 'FUERA_DE_SERVICIO', 2);
INSERT INTO dispositivo (id, codigo, marca, modelo, estado, id_categoria) VALUES ('28a33e40-f5c6-48be-868c-19a0ac96d79f', 'SMA-07', 'Huawei', 'Modelo7', 'USADO', 2);
INSERT INTO dispositivo (id, codigo, marca, modelo, estado, id_categoria) VALUES ('9514be45-ab3f-4de2-b190-482eebbe9112', 'SMA-08', 'Intel', 'Modelo8', 'USADO', 2);
INSERT INTO dispositivo (id, codigo, marca, modelo, estado, id_categoria) VALUES ('1760df65-65fd-4669-b4d1-134d21e194d7', 'SMA-09', 'Amazon', 'Modelo9', 'USADO', 2);
INSERT INTO dispositivo (id, codigo, marca, modelo, estado, id_categoria) VALUES ('ea70ff23-e795-4e46-8bdd-9e3de353dc9f', 'SMA-10', 'Toshiba', 'Modelo10', 'USADO', 2);
INSERT INTO dispositivo (id, codigo, marca, modelo, estado, id_categoria) VALUES ('00789d4a-5c5b-4da3-a6d5-c1938ddf40d1', 'TAB-01', 'Samsung', 'Modelo1', 'USADO', 3);
INSERT INTO dispositivo (id, codigo, marca, modelo, estado, id_categoria) VALUES ('41cd8d7a-3459-47a7-bda8-6b8f5a1af1e9', 'TAB-02', 'HP', 'Modelo2', 'USADO', 3);
INSERT INTO dispositivo (id, codigo, marca, modelo, estado, id_categoria) VALUES ('0ad4384a-fb51-4a10-b163-bcd3489e2b0e', 'TAB-03', 'Panasonic', 'Modelo3', 'NUEVO', 3);
INSERT INTO dispositivo (id, codigo, marca, modelo, estado, id_categoria) VALUES ('c8dc1961-838a-4306-8266-175b18586390', 'TAB-04', 'Dell', 'Modelo4', 'NUEVO', 3);
INSERT INTO dispositivo (id, codigo, marca, modelo, estado, id_categoria) VALUES ('620862ec-66a2-4cce-80e4-33feabd0e4d1', 'TAB-05', 'LG', 'Modelo5', 'USADO', 3);
INSERT INTO dispositivo (id, codigo, marca, modelo, estado, id_categoria) VALUES ('714482da-1f41-4de3-84df-ec4b5347bd48', 'TAB-06', 'Acer', 'Modelo6', 'FUERA_DE_SERVICIO', 3);
INSERT INTO dispositivo (id, codigo, marca, modelo, estado, id_categoria) VALUES ('d6b463f5-3f6c-4c53-820d-4b1fffb88534', 'TAB-07', 'Huawei', 'Modelo7', 'FUERA_DE_SERVICIO', 3);
INSERT INTO dispositivo (id, codigo, marca, modelo, estado, id_categoria) VALUES ('7d9a9d8c-6ff8-464a-9520-67b62902be2f', 'TAB-08', 'Intel', 'Modelo8', 'FUERA_DE_SERVICIO', 3);
INSERT INTO dispositivo (id, codigo, marca, modelo, estado, id_categoria) VALUES ('93cbd5c7-91dd-4435-ad5e-d27f4b4947bf', 'TAB-09', 'Amazon', 'Modelo9', 'USADO', 3);
INSERT INTO dispositivo (id, codigo, marca, modelo, estado, id_categoria) VALUES ('47693578-53f5-45e3-9b24-589576e0273a', 'TAB-10', 'Toshiba', 'Modelo10', 'FUERA_DE_SERVICIO', 3);
INSERT INTO dispositivo (id, codigo, marca, modelo, estado, id_categoria) VALUES ('b43165c2-3b1d-43a6-96bb-0cec0a638583', 'CON-01', 'Samsung', 'Modelo1', 'NUEVO', 4);
INSERT INTO dispositivo (id, codigo, marca, modelo, estado, id_categoria) VALUES ('f32dfcb3-d85a-45d8-b280-ec5ce1a1b412', 'CON-02', 'HP', 'Modelo2', 'NUEVO', 4);
INSERT INTO dispositivo (id, codigo, marca, modelo, estado, id_categoria) VALUES ('4fd6cd0e-23ba-4100-869c-6282f1aede7e', 'CON-03', 'Panasonic', 'Modelo3', 'NUEVO', 4);
INSERT INTO dispositivo (id, codigo, marca, modelo, estado, id_categoria) VALUES ('5690ccb3-4312-49aa-81b6-bb7a2e50471b', 'CON-04', 'Dell', 'Modelo4', 'USADO', 4);
INSERT INTO dispositivo (id, codigo, marca, modelo, estado, id_categoria) VALUES ('978b8973-2260-476d-81f4-41948a4f3dba', 'CON-05', 'LG', 'Modelo5', 'NUEVO', 4);
INSERT INTO dispositivo (id, codigo, marca, modelo, estado, id_categoria) VALUES ('cd9c4c3a-5d81-4e77-8100-c8212514c6f3', 'CON-06', 'Acer', 'Modelo6', 'FUERA_DE_SERVICIO', 4);
INSERT INTO dispositivo (id, codigo, marca, modelo, estado, id_categoria) VALUES ('934c4331-9148-4463-aa94-5cfbdb11e2bc', 'CON-07', 'Huawei', 'Modelo7', 'NUEVO', 4);
INSERT INTO dispositivo (id, codigo, marca, modelo, estado, id_categoria) VALUES ('b2852e43-9e03-429a-a4e8-21e67c5c3cd1', 'CON-08', 'Intel', 'Modelo8', 'NUEVO', 4);
INSERT INTO dispositivo (id, codigo, marca, modelo, estado, id_categoria) VALUES ('77084f13-2724-41f8-980a-5c48f38abe2f', 'CON-09', 'Amazon', 'Modelo9', 'FUERA_DE_SERVICIO', 4);
INSERT INTO dispositivo (id, codigo, marca, modelo, estado, id_categoria) VALUES ('7e553382-1fae-42b1-930d-c403ca84512c', 'CON-10', 'Toshiba', 'Modelo10', 'FUERA_DE_SERVICIO', 4);
INSERT INTO dispositivo (id, codigo, marca, modelo, estado, id_categoria) VALUES ('34a81495-3026-4e7d-94c7-4ac3d4cb9db2', 'CÁM-01', 'Samsung', 'Modelo1', 'NUEVO', 5);
INSERT INTO dispositivo (id, codigo, marca, modelo, estado, id_categoria) VALUES ('38620fa0-80a7-48b6-aabc-20ee7b8834d5', 'CÁM-02', 'HP', 'Modelo2', 'NUEVO', 5);
INSERT INTO dispositivo (id, codigo, marca, modelo, estado, id_categoria) VALUES ('f62c120c-a220-4ec6-bde6-7dae73ff5612', 'CÁM-03', 'Panasonic', 'Modelo3', 'FUERA_DE_SERVICIO', 5);
INSERT INTO dispositivo (id, codigo, marca, modelo, estado, id_categoria) VALUES ('3c58b15a-1444-4eec-9a22-6da99fe2c8f7', 'CÁM-04', 'Dell', 'Modelo4', 'USADO', 5);
INSERT INTO dispositivo (id, codigo, marca, modelo, estado, id_categoria) VALUES ('5154a8f7-7f1b-4bc6-8a64-b1a362745edc', 'CÁM-05', 'LG', 'Modelo5', 'NUEVO', 5);
INSERT INTO dispositivo (id, codigo, marca, modelo, estado, id_categoria) VALUES ('8051c25f-7f31-4a5f-82d8-45b59bdc23ad', 'CÁM-06', 'Acer', 'Modelo6', 'FUERA_DE_SERVICIO', 5);
INSERT INTO dispositivo (id, codigo, marca, modelo, estado, id_categoria) VALUES ('bfdd08b2-9b12-4827-9d85-deede3480704', 'CÁM-07', 'Huawei', 'Modelo7', 'USADO', 5);
INSERT INTO dispositivo (id, codigo, marca, modelo, estado, id_categoria) VALUES ('6ed05ea4-0f7e-49ec-bbb0-4b0c85c8a4f3', 'CÁM-08', 'Intel', 'Modelo8', 'FUERA_DE_SERVICIO', 5);
INSERT INTO dispositivo (id, codigo, marca, modelo, estado, id_categoria) VALUES ('0475b5ca-0728-4db3-bc94-d46f26047259', 'CÁM-09', 'Amazon', 'Modelo9', 'NUEVO', 5);
INSERT INTO dispositivo (id, codigo, marca, modelo, estado, id_categoria) VALUES ('000b2c90-0674-427d-860d-9e57a50473d6', 'CÁM-10', 'Toshiba', 'Modelo10', 'USADO', 5);
INSERT INTO dispositivo (id, codigo, marca, modelo, estado, id_categoria) VALUES ('60a9bd9a-a23a-420c-b41a-987cad50965d', 'DRO-01', 'Samsung', 'Modelo1', 'NUEVO', 6);
INSERT INTO dispositivo (id, codigo, marca, modelo, estado, id_categoria) VALUES ('04571b1a-b89c-45cb-9554-bc414d598f93', 'DRO-02', 'HP', 'Modelo2', 'NUEVO', 6);
INSERT INTO dispositivo (id, codigo, marca, modelo, estado, id_categoria) VALUES ('fcd28b75-5307-4e1a-94e9-646b779c87fb', 'DRO-03', 'Panasonic', 'Modelo3', 'FUERA_DE_SERVICIO', 6);
INSERT INTO dispositivo (id, codigo, marca, modelo, estado, id_categoria) VALUES ('cbbe0a4a-c531-4fa8-a7e0-8e730df637ee', 'DRO-04', 'Dell', 'Modelo4', 'USADO', 6);
INSERT INTO dispositivo (id, codigo, marca, modelo, estado, id_categoria) VALUES ('a6bf4870-061d-4287-b90c-cdc9109679f9', 'DRO-05', 'LG', 'Modelo5', 'FUERA_DE_SERVICIO', 6);
INSERT INTO dispositivo (id, codigo, marca, modelo, estado, id_categoria) VALUES ('ce54ddeb-2e92-4e1e-92bb-adf3dc4c9d71', 'DRO-06', 'Acer', 'Modelo6', 'FUERA_DE_SERVICIO', 6);
INSERT INTO dispositivo (id, codigo, marca, modelo, estado, id_categoria) VALUES ('55d071d9-a097-430a-8c98-4c8b542ce937', 'DRO-07', 'Huawei', 'Modelo7', 'USADO', 6);
INSERT INTO dispositivo (id, codigo, marca, modelo, estado, id_categoria) VALUES ('6f691c78-cad1-46ee-b7a7-c4328cbeadef', 'DRO-08', 'Intel', 'Modelo8', 'NUEVO', 6);
INSERT INTO dispositivo (id, codigo, marca, modelo, estado, id_categoria) VALUES ('cc766f68-cd18-41b0-962d-2f1a1c0e2093', 'DRO-09', 'Amazon', 'Modelo9', 'FUERA_DE_SERVICIO', 6);
INSERT INTO dispositivo (id, codigo, marca, modelo, estado, id_categoria) VALUES ('a0cbf97e-bb39-49bc-82e4-f6fb71513a9a', 'DRO-10', 'Toshiba', 'Modelo10', 'FUERA_DE_SERVICIO', 6);
INSERT INTO dispositivo (id, codigo, marca, modelo, estado, id_categoria) VALUES ('556f1229-4bfe-4653-ab36-1bbb344b67fe', 'TEL-01', 'Samsung', 'Modelo1', 'NUEVO', 7);
INSERT INTO dispositivo (id, codigo, marca, modelo, estado, id_categoria) VALUES ('cc9e9b06-d6cc-47a9-bd7b-c3d6179c4a8d', 'TEL-02', 'HP', 'Modelo2', 'NUEVO', 7);
INSERT INTO dispositivo (id, codigo, marca, modelo, estado, id_categoria) VALUES ('be766731-d308-4c58-9877-393f4b890414', 'TEL-03', 'Panasonic', 'Modelo3', 'FUERA_DE_SERVICIO', 7);
INSERT INTO dispositivo (id, codigo, marca, modelo, estado, id_categoria) VALUES ('890296c4-8c04-41dc-bb97-c9940d1df151', 'TEL-04', 'Dell', 'Modelo4', 'NUEVO', 7);
INSERT INTO dispositivo (id, codigo, marca, modelo, estado, id_categoria) VALUES ('19cd73fb-750b-4654-b228-d5568fe6e735', 'TEL-05', 'LG', 'Modelo5', 'NUEVO', 7);
INSERT INTO dispositivo (id, codigo, marca, modelo, estado, id_categoria) VALUES ('7d7c6c05-744a-4d4f-800c-b0ffb4d5c909', 'TEL-06', 'Acer', 'Modelo6', 'USADO', 7);
INSERT INTO dispositivo (id, codigo, marca, modelo, estado, id_categoria) VALUES ('59e96ca1-1d4d-4f30-8390-989d1d1677b3', 'TEL-07', 'Huawei', 'Modelo7', 'NUEVO', 7);
INSERT INTO dispositivo (id, codigo, marca, modelo, estado, id_categoria) VALUES ('a9ee7ed6-651b-4307-89d9-d98a67d50843', 'TEL-08', 'Intel', 'Modelo8', 'USADO', 7);
INSERT INTO dispositivo (id, codigo, marca, modelo, estado, id_categoria) VALUES ('a6afd2b0-728f-49d0-9507-9e88b596f66d', 'TEL-09', 'Amazon', 'Modelo9', 'FUERA_DE_SERVICIO', 7);
INSERT INTO dispositivo (id, codigo, marca, modelo, estado, id_categoria) VALUES ('187373da-779f-48a9-9f02-5beb3db38bc1', 'TEL-10', 'Toshiba', 'Modelo10', 'NUEVO', 7);
INSERT INTO dispositivo (id, codigo, marca, modelo, estado, id_categoria) VALUES ('fe84442e-c608-4b14-95f4-7c991243f711', 'PRO-01', 'Samsung', 'Modelo1', 'FUERA_DE_SERVICIO', 8);
INSERT INTO dispositivo (id, codigo, marca, modelo, estado, id_categoria) VALUES ('ef22ba48-be43-432e-a8c9-d55208bc4c6c', 'PRO-02', 'HP', 'Modelo2', 'FUERA_DE_SERVICIO', 8);
INSERT INTO dispositivo (id, codigo, marca, modelo, estado, id_categoria) VALUES ('0f79a24e-e126-4741-bcfb-c7cedf8ff40b', 'PRO-03', 'Panasonic', 'Modelo3', 'FUERA_DE_SERVICIO', 8);
INSERT INTO dispositivo (id, codigo, marca, modelo, estado, id_categoria) VALUES ('786c261c-50f7-45ed-93c4-8d0885d29c3a', 'PRO-04', 'Dell', 'Modelo4', 'NUEVO', 8);
INSERT INTO dispositivo (id, codigo, marca, modelo, estado, id_categoria) VALUES ('14af5d37-358a-499a-9770-d2067214e03e', 'PRO-05', 'LG', 'Modelo5', 'NUEVO', 8);
INSERT INTO dispositivo (id, codigo, marca, modelo, estado, id_categoria) VALUES ('53fbb86d-1755-44bc-b7c0-0e8e5e2dbfc7', 'PRO-06', 'Acer', 'Modelo6', 'FUERA_DE_SERVICIO', 8);
INSERT INTO dispositivo (id, codigo, marca, modelo, estado, id_categoria) VALUES ('314d9a35-c2d9-4b34-beb4-3e2f21eeb071', 'PRO-07', 'Huawei', 'Modelo7', 'FUERA_DE_SERVICIO', 8);
INSERT INTO dispositivo (id, codigo, marca, modelo, estado, id_categoria) VALUES ('1916949c-a2aa-4316-a98f-54ac34134b6f', 'PRO-08', 'Intel', 'Modelo8', 'USADO', 8);
INSERT INTO dispositivo (id, codigo, marca, modelo, estado, id_categoria) VALUES ('fcbd194f-1541-44d6-a141-31103c2e62e2', 'PRO-09', 'Amazon', 'Modelo9', 'FUERA_DE_SERVICIO', 8);
INSERT INTO dispositivo (id, codigo, marca, modelo, estado, id_categoria) VALUES ('23c36389-0fb9-45b7-a12e-9e37e63ec533', 'PRO-10', 'Toshiba', 'Modelo10', 'USADO', 8);
INSERT INTO inventario (id_dispositivo, estado_inventario, ubicacion) VALUES ('94211476-8d5c-4c23-a0f5-0e4d23d84cee', 'DISPONIBLE', 'Bodega 4');
INSERT INTO inventario (id_dispositivo, estado_inventario, ubicacion) VALUES ('f47a1c35-1816-4d2e-8a65-b7f3c4c9dbfc', 'DISPONIBLE', 'Bodega 1');
INSERT INTO inventario (id_dispositivo, estado_inventario, ubicacion) VALUES ('47d25496-82f0-4d79-9efb-6b070606d629', 'ARRENDADO', 'Bodega 1');
INSERT INTO inventario (id_dispositivo, estado_inventario, ubicacion) VALUES ('f9463fde-10b5-4efa-90d1-3ca846e4e5bc', 'ARRENDADO', 'Bodega 4');
INSERT INTO inventario (id_dispositivo, estado_inventario, ubicacion) VALUES ('b16b2daf-bf9d-4320-9abe-825dbfaa13b3', 'EN_MANTENCION', 'Bodega 1');
INSERT INTO inventario (id_dispositivo, estado_inventario, ubicacion) VALUES ('aa4824bd-c7de-42b0-8ca1-9b0c80536b7e', 'DISPONIBLE', 'Bodega 2');
INSERT INTO inventario (id_dispositivo, estado_inventario, ubicacion) VALUES ('52ed4ad5-f672-41c1-8d56-dbe9eb5adca5', 'DISPONIBLE', 'Bodega 5');
INSERT INTO inventario (id_dispositivo, estado_inventario, ubicacion) VALUES ('b1e7a5d8-f611-4982-94a8-f77bd1c35fd0', 'EN_MANTENCION', 'Bodega 4');
INSERT INTO inventario (id_dispositivo, estado_inventario, ubicacion) VALUES ('59dc5efa-fc04-4197-adae-60d270bc5ae3', 'DISPONIBLE', 'Bodega 2');
INSERT INTO inventario (id_dispositivo, estado_inventario, ubicacion) VALUES ('03288a39-b6d2-4b5b-b892-d2895423dc32', 'EN_MANTENCION', 'Bodega 5');
INSERT INTO inventario (id_dispositivo, estado_inventario, ubicacion) VALUES ('61e95f6d-9caa-4ebe-bd68-8fd5f39a1d74', 'ARRENDADO', 'Bodega 5');
INSERT INTO inventario (id_dispositivo, estado_inventario, ubicacion) VALUES ('b4a0e58d-c0df-47ff-a4f0-1abd8aae10e8', 'DISPONIBLE', 'Bodega 2');
INSERT INTO inventario (id_dispositivo, estado_inventario, ubicacion) VALUES ('6f11cc2e-3f28-4669-b628-c9196754452f', 'DISPONIBLE', 'Bodega 5');
INSERT INTO inventario (id_dispositivo, estado_inventario, ubicacion) VALUES ('52d45fb0-4f2b-4b62-8a0f-fb742563c1a4', 'DISPONIBLE', 'Bodega 3');
INSERT INTO inventario (id_dispositivo, estado_inventario, ubicacion) VALUES ('3f8f1740-985c-4b9a-883c-4af53f2eefbd', 'EN_MANTENCION', 'Bodega 3');
INSERT INTO inventario (id_dispositivo, estado_inventario, ubicacion) VALUES ('0f749b14-4340-49fe-9320-a511a7e5e0ce', 'EN_MANTENCION', 'Bodega 2');
INSERT INTO inventario (id_dispositivo, estado_inventario, ubicacion) VALUES ('28a33e40-f5c6-48be-868c-19a0ac96d79f', 'ARRENDADO', 'Bodega 1');
INSERT INTO inventario (id_dispositivo, estado_inventario, ubicacion) VALUES ('9514be45-ab3f-4de2-b190-482eebbe9112', 'EN_MANTENCION', 'Bodega 4');
INSERT INTO inventario (id_dispositivo, estado_inventario, ubicacion) VALUES ('1760df65-65fd-4669-b4d1-134d21e194d7', 'EN_MANTENCION', 'Bodega 4');
INSERT INTO inventario (id_dispositivo, estado_inventario, ubicacion) VALUES ('ea70ff23-e795-4e46-8bdd-9e3de353dc9f', 'EN_MANTENCION', 'Bodega 5');
INSERT INTO inventario (id_dispositivo, estado_inventario, ubicacion) VALUES ('00789d4a-5c5b-4da3-a6d5-c1938ddf40d1', 'DISPONIBLE', 'Bodega 2');
INSERT INTO inventario (id_dispositivo, estado_inventario, ubicacion) VALUES ('41cd8d7a-3459-47a7-bda8-6b8f5a1af1e9', 'EN_MANTENCION', 'Bodega 3');
INSERT INTO inventario (id_dispositivo, estado_inventario, ubicacion) VALUES ('0ad4384a-fb51-4a10-b163-bcd3489e2b0e', 'ARRENDADO', 'Bodega 4');
INSERT INTO inventario (id_dispositivo, estado_inventario, ubicacion) VALUES ('c8dc1961-838a-4306-8266-175b18586390', 'ARRENDADO', 'Bodega 3');
INSERT INTO inventario (id_dispositivo, estado_inventario, ubicacion) VALUES ('620862ec-66a2-4cce-80e4-33feabd0e4d1', 'ARRENDADO', 'Bodega 4');
INSERT INTO inventario (id_dispositivo, estado_inventario, ubicacion) VALUES ('714482da-1f41-4de3-84df-ec4b5347bd48', 'DISPONIBLE', 'Bodega 1');
INSERT INTO inventario (id_dispositivo, estado_inventario, ubicacion) VALUES ('d6b463f5-3f6c-4c53-820d-4b1fffb88534', 'EN_MANTENCION', 'Bodega 5');
INSERT INTO inventario (id_dispositivo, estado_inventario, ubicacion) VALUES ('7d9a9d8c-6ff8-464a-9520-67b62902be2f', 'ARRENDADO', 'Bodega 4');
INSERT INTO inventario (id_dispositivo, estado_inventario, ubicacion) VALUES ('93cbd5c7-91dd-4435-ad5e-d27f4b4947bf', 'EN_MANTENCION', 'Bodega 3');
INSERT INTO inventario (id_dispositivo, estado_inventario, ubicacion) VALUES ('47693578-53f5-45e3-9b24-589576e0273a', 'DISPONIBLE', 'Bodega 3');
INSERT INTO inventario (id_dispositivo, estado_inventario, ubicacion) VALUES ('b43165c2-3b1d-43a6-96bb-0cec0a638583', 'EN_MANTENCION', 'Bodega 1');
INSERT INTO inventario (id_dispositivo, estado_inventario, ubicacion) VALUES ('f32dfcb3-d85a-45d8-b280-ec5ce1a1b412', 'ARRENDADO', 'Bodega 4');
INSERT INTO inventario (id_dispositivo, estado_inventario, ubicacion) VALUES ('4fd6cd0e-23ba-4100-869c-6282f1aede7e', 'ARRENDADO', 'Bodega 2');
INSERT INTO inventario (id_dispositivo, estado_inventario, ubicacion) VALUES ('5690ccb3-4312-49aa-81b6-bb7a2e50471b', 'DISPONIBLE', 'Bodega 2');
INSERT INTO inventario (id_dispositivo, estado_inventario, ubicacion) VALUES ('978b8973-2260-476d-81f4-41948a4f3dba', 'ARRENDADO', 'Bodega 2');
INSERT INTO inventario (id_dispositivo, estado_inventario, ubicacion) VALUES ('cd9c4c3a-5d81-4e77-8100-c8212514c6f3', 'EN_MANTENCION', 'Bodega 3');
INSERT INTO inventario (id_dispositivo, estado_inventario, ubicacion) VALUES ('934c4331-9148-4463-aa94-5cfbdb11e2bc', 'EN_MANTENCION', 'Bodega 4');
INSERT INTO inventario (id_dispositivo, estado_inventario, ubicacion) VALUES ('b2852e43-9e03-429a-a4e8-21e67c5c3cd1', 'ARRENDADO', 'Bodega 5');
INSERT INTO inventario (id_dispositivo, estado_inventario, ubicacion) VALUES ('77084f13-2724-41f8-980a-5c48f38abe2f', 'DISPONIBLE', 'Bodega 5');
INSERT INTO inventario (id_dispositivo, estado_inventario, ubicacion) VALUES ('7e553382-1fae-42b1-930d-c403ca84512c', 'EN_MANTENCION', 'Bodega 3');
INSERT INTO inventario (id_dispositivo, estado_inventario, ubicacion) VALUES ('34a81495-3026-4e7d-94c7-4ac3d4cb9db2', 'ARRENDADO', 'Bodega 4');
INSERT INTO inventario (id_dispositivo, estado_inventario, ubicacion) VALUES ('38620fa0-80a7-48b6-aabc-20ee7b8834d5', 'EN_MANTENCION', 'Bodega 4');
INSERT INTO inventario (id_dispositivo, estado_inventario, ubicacion) VALUES ('f62c120c-a220-4ec6-bde6-7dae73ff5612', 'DISPONIBLE', 'Bodega 5');
INSERT INTO inventario (id_dispositivo, estado_inventario, ubicacion) VALUES ('3c58b15a-1444-4eec-9a22-6da99fe2c8f7', 'DISPONIBLE', 'Bodega 1');
INSERT INTO inventario (id_dispositivo, estado_inventario, ubicacion) VALUES ('5154a8f7-7f1b-4bc6-8a64-b1a362745edc', 'ARRENDADO', 'Bodega 3');
INSERT INTO inventario (id_dispositivo, estado_inventario, ubicacion) VALUES ('8051c25f-7f31-4a5f-82d8-45b59bdc23ad', 'EN_MANTENCION', 'Bodega 2');
INSERT INTO inventario (id_dispositivo, estado_inventario, ubicacion) VALUES ('bfdd08b2-9b12-4827-9d85-deede3480704', 'EN_MANTENCION', 'Bodega 1');
INSERT INTO inventario (id_dispositivo, estado_inventario, ubicacion) VALUES ('6ed05ea4-0f7e-49ec-bbb0-4b0c85c8a4f3', 'EN_MANTENCION', 'Bodega 2');
INSERT INTO inventario (id_dispositivo, estado_inventario, ubicacion) VALUES ('0475b5ca-0728-4db3-bc94-d46f26047259', 'ARRENDADO', 'Bodega 3');
INSERT INTO inventario (id_dispositivo, estado_inventario, ubicacion) VALUES ('000b2c90-0674-427d-860d-9e57a50473d6', 'EN_MANTENCION', 'Bodega 2');
INSERT INTO inventario (id_dispositivo, estado_inventario, ubicacion) VALUES ('60a9bd9a-a23a-420c-b41a-987cad50965d', 'ARRENDADO', 'Bodega 4');
INSERT INTO inventario (id_dispositivo, estado_inventario, ubicacion) VALUES ('04571b1a-b89c-45cb-9554-bc414d598f93', 'EN_MANTENCION', 'Bodega 2');
INSERT INTO inventario (id_dispositivo, estado_inventario, ubicacion) VALUES ('fcd28b75-5307-4e1a-94e9-646b779c87fb', 'DISPONIBLE', 'Bodega 1');
INSERT INTO inventario (id_dispositivo, estado_inventario, ubicacion) VALUES ('cbbe0a4a-c531-4fa8-a7e0-8e730df637ee', 'EN_MANTENCION', 'Bodega 5');
INSERT INTO inventario (id_dispositivo, estado_inventario, ubicacion) VALUES ('a6bf4870-061d-4287-b90c-cdc9109679f9', 'ARRENDADO', 'Bodega 4');
INSERT INTO inventario (id_dispositivo, estado_inventario, ubicacion) VALUES ('ce54ddeb-2e92-4e1e-92bb-adf3dc4c9d71', 'DISPONIBLE', 'Bodega 3');
INSERT INTO inventario (id_dispositivo, estado_inventario, ubicacion) VALUES ('55d071d9-a097-430a-8c98-4c8b542ce937', 'DISPONIBLE', 'Bodega 2');
INSERT INTO inventario (id_dispositivo, estado_inventario, ubicacion) VALUES ('6f691c78-cad1-46ee-b7a7-c4328cbeadef', 'ARRENDADO', 'Bodega 4');
INSERT INTO inventario (id_dispositivo, estado_inventario, ubicacion) VALUES ('cc766f68-cd18-41b0-962d-2f1a1c0e2093', 'EN_MANTENCION', 'Bodega 3');
INSERT INTO inventario (id_dispositivo, estado_inventario, ubicacion) VALUES ('a0cbf97e-bb39-49bc-82e4-f6fb71513a9a', 'EN_MANTENCION', 'Bodega 1');
INSERT INTO inventario (id_dispositivo, estado_inventario, ubicacion) VALUES ('556f1229-4bfe-4653-ab36-1bbb344b67fe', 'EN_MANTENCION', 'Bodega 3');
INSERT INTO inventario (id_dispositivo, estado_inventario, ubicacion) VALUES ('cc9e9b06-d6cc-47a9-bd7b-c3d6179c4a8d', 'ARRENDADO', 'Bodega 3');
INSERT INTO inventario (id_dispositivo, estado_inventario, ubicacion) VALUES ('be766731-d308-4c58-9877-393f4b890414', 'ARRENDADO', 'Bodega 2');
INSERT INTO inventario (id_dispositivo, estado_inventario, ubicacion) VALUES ('890296c4-8c04-41dc-bb97-c9940d1df151', 'ARRENDADO', 'Bodega 4');
INSERT INTO inventario (id_dispositivo, estado_inventario, ubicacion) VALUES ('19cd73fb-750b-4654-b228-d5568fe6e735', 'ARRENDADO', 'Bodega 5');
INSERT INTO inventario (id_dispositivo, estado_inventario, ubicacion) VALUES ('7d7c6c05-744a-4d4f-800c-b0ffb4d5c909', 'EN_MANTENCION', 'Bodega 5');
INSERT INTO inventario (id_dispositivo, estado_inventario, ubicacion) VALUES ('59e96ca1-1d4d-4f30-8390-989d1d1677b3', 'EN_MANTENCION', 'Bodega 5');
INSERT INTO inventario (id_dispositivo, estado_inventario, ubicacion) VALUES ('a9ee7ed6-651b-4307-89d9-d98a67d50843', 'EN_MANTENCION', 'Bodega 5');
INSERT INTO inventario (id_dispositivo, estado_inventario, ubicacion) VALUES ('a6afd2b0-728f-49d0-9507-9e88b596f66d', 'ARRENDADO', 'Bodega 3');
INSERT INTO inventario (id_dispositivo, estado_inventario, ubicacion) VALUES ('187373da-779f-48a9-9f02-5beb3db38bc1', 'EN_MANTENCION', 'Bodega 2');
INSERT INTO inventario (id_dispositivo, estado_inventario, ubicacion) VALUES ('fe84442e-c608-4b14-95f4-7c991243f711', 'EN_MANTENCION', 'Bodega 1');
INSERT INTO inventario (id_dispositivo, estado_inventario, ubicacion) VALUES ('ef22ba48-be43-432e-a8c9-d55208bc4c6c', 'ARRENDADO', 'Bodega 3');
INSERT INTO inventario (id_dispositivo, estado_inventario, ubicacion) VALUES ('0f79a24e-e126-4741-bcfb-c7cedf8ff40b', 'DISPONIBLE', 'Bodega 4');
INSERT INTO inventario (id_dispositivo, estado_inventario, ubicacion) VALUES ('786c261c-50f7-45ed-93c4-8d0885d29c3a', 'DISPONIBLE', 'Bodega 1');
INSERT INTO inventario (id_dispositivo, estado_inventario, ubicacion) VALUES ('14af5d37-358a-499a-9770-d2067214e03e', 'ARRENDADO', 'Bodega 1');
INSERT INTO inventario (id_dispositivo, estado_inventario, ubicacion) VALUES ('53fbb86d-1755-44bc-b7c0-0e8e5e2dbfc7', 'DISPONIBLE', 'Bodega 3');
INSERT INTO inventario (id_dispositivo, estado_inventario, ubicacion) VALUES ('314d9a35-c2d9-4b34-beb4-3e2f21eeb071', 'DISPONIBLE', 'Bodega 2');
INSERT INTO inventario (id_dispositivo, estado_inventario, ubicacion) VALUES ('1916949c-a2aa-4316-a98f-54ac34134b6f', 'DISPONIBLE', 'Bodega 4');
INSERT INTO inventario (id_dispositivo, estado_inventario, ubicacion) VALUES ('fcbd194f-1541-44d6-a141-31103c2e62e2', 'ARRENDADO', 'Bodega 2');
INSERT INTO inventario (id_dispositivo, estado_inventario, ubicacion) VALUES ('23c36389-0fb9-45b7-a12e-9e37e63ec533', 'EN_MANTENCION', 'Bodega 2');
INSERT INTO cliente (rut, nombre, correo, direccion) VALUES ('17.669.435-4', 'Cliente 4', 'cliente4@email.com', 'Calle 4 Nº607');
INSERT INTO cliente (rut, nombre, correo, direccion) VALUES ('11.632.388-5', 'Cliente 5', 'cliente5@email.com', 'Calle 5 Nº321');
INSERT INTO cliente (rut, nombre, correo, direccion) VALUES ('19.784.104-7', 'Cliente 7', 'cliente7@email.com', 'Calle 7 Nº564');
INSERT INTO cliente (rut, nombre, correo, direccion) VALUES ('14.916.860-2', 'Cliente 2', 'cliente2@email.com', 'Calle 2 Nº501');
INSERT INTO cliente (rut, nombre, correo, direccion) VALUES ('21.342.244-6', 'Cliente 6', 'cliente6@email.com', 'Calle 6 Nº529');
INSERT INTO cliente (rut, nombre, correo, direccion) VALUES ('25.230.541-9', 'Cliente 9', 'cliente9@email.com', 'Calle 9 Nº984');
INSERT INTO cliente (rut, nombre, correo, direccion) VALUES ('15.396.625-5', 'Cliente 5', 'cliente5@email.com', 'Calle 5 Nº148');
INSERT INTO cliente (rut, nombre, correo, direccion) VALUES ('21.534.759-5', 'Cliente 5', 'cliente5@email.com', 'Calle 5 Nº631');
INSERT INTO cliente (rut, nombre, correo, direccion) VALUES ('23.962.454-2', 'Cliente 2', 'cliente2@email.com', 'Calle 2 Nº874');
INSERT INTO cliente (rut, nombre, correo, direccion) VALUES ('17.208.480-0', 'Cliente 0', 'cliente0@email.com', 'Calle 0 Nº996');
INSERT INTO cliente (rut, nombre, correo, direccion) VALUES ('20.401.924-2', 'Cliente 2', 'cliente2@email.com', 'Calle 2 Nº992');
INSERT INTO cliente (rut, nombre, correo, direccion) VALUES ('12.153.609-0', 'Cliente 0', 'cliente0@email.com', 'Calle 0 Nº335');
INSERT INTO cliente (rut, nombre, correo, direccion) VALUES ('13.452.258-7', 'Cliente 7', 'cliente7@email.com', 'Calle 7 Nº731');
INSERT INTO cliente (rut, nombre, correo, direccion) VALUES ('17.412.444-6', 'Cliente 6', 'cliente6@email.com', 'Calle 6 Nº791');
INSERT INTO cliente (rut, nombre, correo, direccion) VALUES ('20.779.330-9', 'Cliente 9', 'cliente9@email.com', 'Calle 9 Nº501');
INSERT INTO cliente (rut, nombre, correo, direccion) VALUES ('22.146.956-3', 'Cliente 3', 'cliente3@email.com', 'Calle 3 Nº523');
INSERT INTO cliente (rut, nombre, correo, direccion) VALUES ('11.560.819-0', 'Cliente 0', 'cliente0@email.com', 'Calle 0 Nº287');
INSERT INTO cliente (rut, nombre, correo, direccion) VALUES ('25.555.974-6', 'Cliente 6', 'cliente6@email.com', 'Calle 6 Nº885');
INSERT INTO cliente (rut, nombre, correo, direccion) VALUES ('25.876.755-2', 'Cliente 2', 'cliente2@email.com', 'Calle 2 Nº294');
INSERT INTO cliente (rut, nombre, correo, direccion) VALUES ('19.532.457-1', 'Cliente 1', 'cliente1@email.com', 'Calle 1 Nº504');
INSERT INTO arriendo (id, rut_cliente, fecha_inicio, fecha_fin, costo_total) VALUES ('6850e2e9-797c-4c33-83d0-740ca52d330e', '14.916.860-2', '2024-01-09', '2024-01-30', 13822);
INSERT INTO arriendo (id, rut_cliente, fecha_inicio, fecha_fin, costo_total) VALUES ('68d1b37a-3077-4c38-974b-401f985d3482', '19.532.457-1', '2024-04-06', '2024-04-20', 43358);
INSERT INTO arriendo (id, rut_cliente, fecha_inicio, fecha_fin, costo_total) VALUES ('55893d0e-84a3-4237-9a7f-846653f3c2c1', '17.669.435-4', '2023-11-06', '2023-11-28', 30538);
INSERT INTO arriendo (id, rut_cliente, fecha_inicio, fecha_fin, costo_total) VALUES ('13eb9974-f298-4131-b12e-687f226bb2ca', '11.632.388-5', '2024-09-09', '2024-09-17', 27277);
INSERT INTO arriendo (id, rut_cliente, fecha_inicio, fecha_fin, costo_total) VALUES ('2a335b7d-934a-48b1-acde-6cb755e84ff6', '15.396.625-5', '2024-05-25', '2024-05-28', 27696);
INSERT INTO arriendo (id, rut_cliente, fecha_inicio, fecha_fin, costo_total) VALUES ('ccaf8dd4-6032-4666-ae8e-df31d072cf05', '14.916.860-2', '2023-12-04', '2023-12-30', 31078);
INSERT INTO arriendo (id, rut_cliente, fecha_inicio, fecha_fin, costo_total) VALUES ('97520b09-bfe9-4752-b445-6be399d7e109', '23.962.454-2', '2024-07-13', '2024-07-25', 36588);
INSERT INTO arriendo (id, rut_cliente, fecha_inicio, fecha_fin, costo_total) VALUES ('0f71a33f-b8e4-4293-878f-c8920c6dae27', '12.153.609-0', '2023-10-30', '2023-11-06', 41353);
INSERT INTO arriendo (id, rut_cliente, fecha_inicio, fecha_fin, costo_total) VALUES ('ab472c14-69f0-4a3b-ac9c-50e86841c5a2', '11.632.388-5', '2024-08-25', '2024-09-10', 19243);
INSERT INTO arriendo (id, rut_cliente, fecha_inicio, fecha_fin, costo_total) VALUES ('0f16cbe7-cb4f-42f8-8e53-ffbe86a86328', '19.532.457-1', '2023-12-20', '2023-12-31', 46224);
INSERT INTO arriendo (id, rut_cliente, fecha_inicio, fecha_fin, costo_total) VALUES ('8f626a9f-e078-4e3b-a05d-8fed80dfdce0', '22.146.956-3', '2023-11-25', '2023-11-26', 31193);
INSERT INTO arriendo (id, rut_cliente, fecha_inicio, fecha_fin, costo_total) VALUES ('c2ccaba0-e5da-4ab8-901b-6790d7750774', '17.412.444-6', '2024-10-18', '2024-10-25', 19551);
INSERT INTO arriendo (id, rut_cliente, fecha_inicio, fecha_fin, costo_total) VALUES ('3c85a95f-59d6-4000-9acf-7ff058a57f3f', '19.532.457-1', '2024-02-03', '2024-02-26', 15762);
INSERT INTO arriendo (id, rut_cliente, fecha_inicio, fecha_fin, costo_total) VALUES ('bf713496-4cce-435d-937c-b816bc09ec8b', '17.412.444-6', '2024-02-04', '2024-02-11', 20402);
INSERT INTO arriendo (id, rut_cliente, fecha_inicio, fecha_fin, costo_total) VALUES ('467d4151-5c6c-4e75-b1d4-c7b8b03d6033', '19.784.104-7', '2023-12-02', '2023-12-26', 9242);
INSERT INTO arriendo (id, rut_cliente, fecha_inicio, fecha_fin, costo_total) VALUES ('002d5c40-25bf-45d2-a377-51e5f9bc845c', '19.784.104-7', '2024-03-10', '2024-04-07', 42531);
INSERT INTO arriendo (id, rut_cliente, fecha_inicio, fecha_fin, costo_total) VALUES ('8f75b5d6-588b-4c64-b277-15427937c963', '23.962.454-2', '2024-04-25', '2024-05-02', 36671);
INSERT INTO arriendo (id, rut_cliente, fecha_inicio, fecha_fin, costo_total) VALUES ('7d00f254-4961-4d01-9935-f850704fc694', '13.452.258-7', '2024-04-02', '2024-04-05', 11197);
INSERT INTO arriendo (id, rut_cliente, fecha_inicio, fecha_fin, costo_total) VALUES ('cc6fffc8-355a-4a65-955c-871ccc417604', '12.153.609-0', '2024-05-20', '2024-05-22', 13859);
INSERT INTO arriendo (id, rut_cliente, fecha_inicio, fecha_fin, costo_total) VALUES ('6ecef062-de1c-4d82-b228-04d445e1e976', '22.146.956-3', '2024-04-08', '2024-04-28', 27794);
INSERT INTO arriendo (id, rut_cliente, fecha_inicio, fecha_fin, costo_total) VALUES ('5dbf217b-c3fa-41df-9652-6eaf5bbd7156', '15.396.625-5', '2024-02-18', '2024-02-29', 10526);
INSERT INTO arriendo (id, rut_cliente, fecha_inicio, fecha_fin, costo_total) VALUES ('86a3277c-587f-4b85-96c2-68ebe9cbb2a9', '23.962.454-2', '2023-11-20', '2023-12-11', 38903);
INSERT INTO arriendo (id, rut_cliente, fecha_inicio, fecha_fin, costo_total) VALUES ('96479b95-a9cd-48c5-8e5a-ce246a1b410d', '23.962.454-2', '2023-12-26', '2024-01-17', 18029);
INSERT INTO arriendo (id, rut_cliente, fecha_inicio, fecha_fin, costo_total) VALUES ('81854067-89b5-4118-9a10-5f7a5927d372', '14.916.860-2', '2024-10-09', '2024-10-26', 47713);
INSERT INTO arriendo (id, rut_cliente, fecha_inicio, fecha_fin, costo_total) VALUES ('27c465a8-3671-4877-8a66-49b7da7f972c', '12.153.609-0', '2024-08-30', '2024-09-03', 26681);
INSERT INTO arriendo (id, rut_cliente, fecha_inicio, fecha_fin, costo_total) VALUES ('99a9b819-f7cb-49a2-b6ed-e1064d74518c', '25.230.541-9', '2024-04-09', '2024-04-16', 45182);
INSERT INTO arriendo (id, rut_cliente, fecha_inicio, fecha_fin, costo_total) VALUES ('b09e08e0-4586-49df-b5d3-257ae8e636b4', '17.208.480-0', '2024-06-29', '2024-07-22', 45516);
INSERT INTO arriendo (id, rut_cliente, fecha_inicio, fecha_fin, costo_total) VALUES ('68e39bf3-5400-457a-8f2b-19e09c634cc9', '25.876.755-2', '2024-04-23', '2024-05-13', 8987);
INSERT INTO arriendo (id, rut_cliente, fecha_inicio, fecha_fin, costo_total) VALUES ('2846b1d4-0a9c-462d-b8d4-00b1505f0d9b', '19.784.104-7', '2024-06-13', '2024-07-01', 17462);
INSERT INTO arriendo (id, rut_cliente, fecha_inicio, fecha_fin, costo_total) VALUES ('81fac4b8-fe30-4508-b43c-9f30d9b8806d', '21.342.244-6', '2024-04-01', '2024-04-02', 44353);
INSERT INTO arriendo (id, rut_cliente, fecha_inicio, fecha_fin, costo_total) VALUES ('4e0f3afa-d2d3-4ebf-9ed5-9ad17521aeee', '20.401.924-2', '2023-12-10', '2023-12-22', 6757);
INSERT INTO arriendo (id, rut_cliente, fecha_inicio, fecha_fin, costo_total) VALUES ('112acba6-91e5-47b8-aec2-0650522e2c93', '21.342.244-6', '2024-07-29', '2024-08-07', 7281);
INSERT INTO arriendo (id, rut_cliente, fecha_inicio, fecha_fin, costo_total) VALUES ('97250b60-7b57-443b-bdaa-9ef9524c2294', '21.534.759-5', '2024-05-10', '2024-05-13', 11124);
INSERT INTO arriendo (id, rut_cliente, fecha_inicio, fecha_fin, costo_total) VALUES ('c426b5c7-d141-49e3-9acd-5cedc6e79add', '25.230.541-9', '2024-01-15', '2024-02-02', 11435);
INSERT INTO arriendo (id, rut_cliente, fecha_inicio, fecha_fin, costo_total) VALUES ('66a45a31-67f7-4c51-82ae-3dbb9dc37e13', '11.560.819-0', '2024-01-24', '2024-02-20', 46236);
INSERT INTO arriendo (id, rut_cliente, fecha_inicio, fecha_fin, costo_total) VALUES ('655a3584-1c5f-4ff4-8e98-1c174ed05ce5', '17.412.444-6', '2023-12-27', '2024-01-12', 28414);
INSERT INTO arriendo (id, rut_cliente, fecha_inicio, fecha_fin, costo_total) VALUES ('79472771-0cf9-4f48-8bbf-18be87891ee9', '11.632.388-5', '2024-02-09', '2024-02-19', 47108);
INSERT INTO arriendo (id, rut_cliente, fecha_inicio, fecha_fin, costo_total) VALUES ('e51ddcb7-4a4e-4bf6-a3a1-dd4acb3e1edb', '21.534.759-5', '2024-09-26', '2024-10-09', 19192);
INSERT INTO arriendo (id, rut_cliente, fecha_inicio, fecha_fin, costo_total) VALUES ('b3834d0c-c963-4173-9fa2-09e69c41851c', '15.396.625-5', '2024-09-30', '2024-11-20', 19866);
INSERT INTO arriendo (id, rut_cliente, fecha_inicio, fecha_fin, costo_total) VALUES ('34deef36-6b53-4260-b99a-bf73019dc947', '19.784.104-7', '2024-06-21', '2024-07-10', 39143);
INSERT INTO arriendo (id, rut_cliente, fecha_inicio, fecha_fin, costo_total) VALUES ('8a89f561-eb9d-4ece-9adb-bea017b3e347', '25.555.974-6', '2023-11-26', '2023-11-28', 6993);
INSERT INTO arriendo (id, rut_cliente, fecha_inicio, fecha_fin, costo_total) VALUES ('33b73df2-b6d9-4af5-b4d2-43a14d62cd3f', '21.342.244-6', '2024-01-08', '2024-01-15', 36697);
INSERT INTO arriendo (id, rut_cliente, fecha_inicio, fecha_fin, costo_total) VALUES ('ed3d0ec6-951f-4062-b095-19d52d4f8a24', '25.230.541-9', '2024-05-13', '2024-06-07', 26296);
INSERT INTO arriendo (id, rut_cliente, fecha_inicio, fecha_fin, costo_total) VALUES ('aa08a022-0992-4ea8-a678-962505ac3e42', '21.342.244-6', '2024-01-11', '2024-02-07', 17037);
INSERT INTO arriendo (id, rut_cliente, fecha_inicio, fecha_fin, costo_total) VALUES ('2ef55847-da9a-4f3d-9dee-e37a08608956', '21.534.759-5', '2024-09-02', '2024-09-23', 34830);
INSERT INTO arriendo (id, rut_cliente, fecha_inicio, fecha_fin, costo_total) VALUES ('0b842b17-2dd3-4118-9399-986211040686', '21.534.759-5', '2024-04-21', '2024-04-30', 5108);
INSERT INTO arriendo (id, rut_cliente, fecha_inicio, fecha_fin, costo_total) VALUES ('c08c0be8-0c8b-434b-ae58-9893591530f7', '19.532.457-1', '2023-11-13', '2023-12-12', 41193);
INSERT INTO arriendo (id, rut_cliente, fecha_inicio, fecha_fin, costo_total) VALUES ('3f3e18ed-68aa-4017-8f8b-cb9e1b697328', '25.230.541-9', '2023-11-29', '2023-12-29', 28888);
INSERT INTO arriendo (id, rut_cliente, fecha_inicio, fecha_fin, costo_total) VALUES ('393c61f2-de57-49de-a4f3-c810d34ac3d6', '17.208.480-0', '2024-06-08', '2024-06-30', 36286);
INSERT INTO arriendo (id, rut_cliente, fecha_inicio, fecha_fin, costo_total) VALUES ('d6dc49f2-e042-42b7-98c6-fff3cc7c516c', '23.962.454-2', '2023-10-30', '2023-11-12', 34844);
INSERT INTO arriendo_dispositivo (id_arriendo, id_dispositivo) VALUES ('6850e2e9-797c-4c33-83d0-740ca52d330e', '94211476-8d5c-4c23-a0f5-0e4d23d84cee');
INSERT INTO arriendo_dispositivo (id_arriendo, id_dispositivo) VALUES ('68d1b37a-3077-4c38-974b-401f985d3482', 'f47a1c35-1816-4d2e-8a65-b7f3c4c9dbfc');
INSERT INTO arriendo_dispositivo (id_arriendo, id_dispositivo) VALUES ('68d1b37a-3077-4c38-974b-401f985d3482', '47d25496-82f0-4d79-9efb-6b070606d629');
INSERT INTO arriendo_dispositivo (id_arriendo, id_dispositivo) VALUES ('55893d0e-84a3-4237-9a7f-846653f3c2c1', 'f9463fde-10b5-4efa-90d1-3ca846e4e5bc');
INSERT INTO arriendo_dispositivo (id_arriendo, id_dispositivo) VALUES ('55893d0e-84a3-4237-9a7f-846653f3c2c1', 'b16b2daf-bf9d-4320-9abe-825dbfaa13b3');
INSERT INTO arriendo_dispositivo (id_arriendo, id_dispositivo) VALUES ('55893d0e-84a3-4237-9a7f-846653f3c2c1', 'aa4824bd-c7de-42b0-8ca1-9b0c80536b7e');
INSERT INTO arriendo_dispositivo (id_arriendo, id_dispositivo) VALUES ('55893d0e-84a3-4237-9a7f-846653f3c2c1', '52ed4ad5-f672-41c1-8d56-dbe9eb5adca5');
INSERT INTO arriendo_dispositivo (id_arriendo, id_dispositivo) VALUES ('55893d0e-84a3-4237-9a7f-846653f3c2c1', 'b1e7a5d8-f611-4982-94a8-f77bd1c35fd0');
INSERT INTO arriendo_dispositivo (id_arriendo, id_dispositivo) VALUES ('13eb9974-f298-4131-b12e-687f226bb2ca', '59dc5efa-fc04-4197-adae-60d270bc5ae3');
INSERT INTO arriendo_dispositivo (id_arriendo, id_dispositivo) VALUES ('13eb9974-f298-4131-b12e-687f226bb2ca', '03288a39-b6d2-4b5b-b892-d2895423dc32');
INSERT INTO arriendo_dispositivo (id_arriendo, id_dispositivo) VALUES ('13eb9974-f298-4131-b12e-687f226bb2ca', '61e95f6d-9caa-4ebe-bd68-8fd5f39a1d74');
INSERT INTO arriendo_dispositivo (id_arriendo, id_dispositivo) VALUES ('13eb9974-f298-4131-b12e-687f226bb2ca', 'b4a0e58d-c0df-47ff-a4f0-1abd8aae10e8');
INSERT INTO arriendo_dispositivo (id_arriendo, id_dispositivo) VALUES ('13eb9974-f298-4131-b12e-687f226bb2ca', '6f11cc2e-3f28-4669-b628-c9196754452f');
INSERT INTO arriendo_dispositivo (id_arriendo, id_dispositivo) VALUES ('2a335b7d-934a-48b1-acde-6cb755e84ff6', '52d45fb0-4f2b-4b62-8a0f-fb742563c1a4');
INSERT INTO arriendo_dispositivo (id_arriendo, id_dispositivo) VALUES ('2a335b7d-934a-48b1-acde-6cb755e84ff6', '3f8f1740-985c-4b9a-883c-4af53f2eefbd');
INSERT INTO arriendo_dispositivo (id_arriendo, id_dispositivo) VALUES ('2a335b7d-934a-48b1-acde-6cb755e84ff6', '0f749b14-4340-49fe-9320-a511a7e5e0ce');
INSERT INTO arriendo_dispositivo (id_arriendo, id_dispositivo) VALUES ('2a335b7d-934a-48b1-acde-6cb755e84ff6', '28a33e40-f5c6-48be-868c-19a0ac96d79f');
INSERT INTO arriendo_dispositivo (id_arriendo, id_dispositivo) VALUES ('ccaf8dd4-6032-4666-ae8e-df31d072cf05', '9514be45-ab3f-4de2-b190-482eebbe9112');
INSERT INTO arriendo_dispositivo (id_arriendo, id_dispositivo) VALUES ('ccaf8dd4-6032-4666-ae8e-df31d072cf05', '1760df65-65fd-4669-b4d1-134d21e194d7');
INSERT INTO arriendo_dispositivo (id_arriendo, id_dispositivo) VALUES ('ccaf8dd4-6032-4666-ae8e-df31d072cf05', 'ea70ff23-e795-4e46-8bdd-9e3de353dc9f');
INSERT INTO arriendo_dispositivo (id_arriendo, id_dispositivo) VALUES ('97520b09-bfe9-4752-b445-6be399d7e109', '00789d4a-5c5b-4da3-a6d5-c1938ddf40d1');
INSERT INTO arriendo_dispositivo (id_arriendo, id_dispositivo) VALUES ('97520b09-bfe9-4752-b445-6be399d7e109', '41cd8d7a-3459-47a7-bda8-6b8f5a1af1e9');
INSERT INTO arriendo_dispositivo (id_arriendo, id_dispositivo) VALUES ('97520b09-bfe9-4752-b445-6be399d7e109', '0ad4384a-fb51-4a10-b163-bcd3489e2b0e');
INSERT INTO arriendo_dispositivo (id_arriendo, id_dispositivo) VALUES ('97520b09-bfe9-4752-b445-6be399d7e109', 'c8dc1961-838a-4306-8266-175b18586390');
INSERT INTO arriendo_dispositivo (id_arriendo, id_dispositivo) VALUES ('0f71a33f-b8e4-4293-878f-c8920c6dae27', '620862ec-66a2-4cce-80e4-33feabd0e4d1');
INSERT INTO arriendo_dispositivo (id_arriendo, id_dispositivo) VALUES ('0f71a33f-b8e4-4293-878f-c8920c6dae27', '714482da-1f41-4de3-84df-ec4b5347bd48');
INSERT INTO arriendo_dispositivo (id_arriendo, id_dispositivo) VALUES ('0f71a33f-b8e4-4293-878f-c8920c6dae27', 'd6b463f5-3f6c-4c53-820d-4b1fffb88534');
INSERT INTO arriendo_dispositivo (id_arriendo, id_dispositivo) VALUES ('ab472c14-69f0-4a3b-ac9c-50e86841c5a2', '7d9a9d8c-6ff8-464a-9520-67b62902be2f');
INSERT INTO arriendo_dispositivo (id_arriendo, id_dispositivo) VALUES ('ab472c14-69f0-4a3b-ac9c-50e86841c5a2', '93cbd5c7-91dd-4435-ad5e-d27f4b4947bf');
INSERT INTO arriendo_dispositivo (id_arriendo, id_dispositivo) VALUES ('ab472c14-69f0-4a3b-ac9c-50e86841c5a2', '47693578-53f5-45e3-9b24-589576e0273a');
INSERT INTO arriendo_dispositivo (id_arriendo, id_dispositivo) VALUES ('0f16cbe7-cb4f-42f8-8e53-ffbe86a86328', 'b43165c2-3b1d-43a6-96bb-0cec0a638583');
INSERT INTO arriendo_dispositivo (id_arriendo, id_dispositivo) VALUES ('8f626a9f-e078-4e3b-a05d-8fed80dfdce0', 'f32dfcb3-d85a-45d8-b280-ec5ce1a1b412');
INSERT INTO arriendo_dispositivo (id_arriendo, id_dispositivo) VALUES ('8f626a9f-e078-4e3b-a05d-8fed80dfdce0', '4fd6cd0e-23ba-4100-869c-6282f1aede7e');
INSERT INTO arriendo_dispositivo (id_arriendo, id_dispositivo) VALUES ('8f626a9f-e078-4e3b-a05d-8fed80dfdce0', '5690ccb3-4312-49aa-81b6-bb7a2e50471b');
INSERT INTO arriendo_dispositivo (id_arriendo, id_dispositivo) VALUES ('8f626a9f-e078-4e3b-a05d-8fed80dfdce0', '978b8973-2260-476d-81f4-41948a4f3dba');
INSERT INTO arriendo_dispositivo (id_arriendo, id_dispositivo) VALUES ('c2ccaba0-e5da-4ab8-901b-6790d7750774', 'cd9c4c3a-5d81-4e77-8100-c8212514c6f3');
INSERT INTO arriendo_dispositivo (id_arriendo, id_dispositivo) VALUES ('3c85a95f-59d6-4000-9acf-7ff058a57f3f', '934c4331-9148-4463-aa94-5cfbdb11e2bc');
INSERT INTO arriendo_dispositivo (id_arriendo, id_dispositivo) VALUES ('3c85a95f-59d6-4000-9acf-7ff058a57f3f', 'b2852e43-9e03-429a-a4e8-21e67c5c3cd1');
INSERT INTO arriendo_dispositivo (id_arriendo, id_dispositivo) VALUES ('bf713496-4cce-435d-937c-b816bc09ec8b', '77084f13-2724-41f8-980a-5c48f38abe2f');
INSERT INTO arriendo_dispositivo (id_arriendo, id_dispositivo) VALUES ('bf713496-4cce-435d-937c-b816bc09ec8b', '7e553382-1fae-42b1-930d-c403ca84512c');
INSERT INTO arriendo_dispositivo (id_arriendo, id_dispositivo) VALUES ('bf713496-4cce-435d-937c-b816bc09ec8b', '34a81495-3026-4e7d-94c7-4ac3d4cb9db2');
INSERT INTO arriendo_dispositivo (id_arriendo, id_dispositivo) VALUES ('bf713496-4cce-435d-937c-b816bc09ec8b', '38620fa0-80a7-48b6-aabc-20ee7b8834d5');
INSERT INTO arriendo_dispositivo (id_arriendo, id_dispositivo) VALUES ('467d4151-5c6c-4e75-b1d4-c7b8b03d6033', 'f62c120c-a220-4ec6-bde6-7dae73ff5612');
INSERT INTO arriendo_dispositivo (id_arriendo, id_dispositivo) VALUES ('002d5c40-25bf-45d2-a377-51e5f9bc845c', '3c58b15a-1444-4eec-9a22-6da99fe2c8f7');
INSERT INTO arriendo_dispositivo (id_arriendo, id_dispositivo) VALUES ('8f75b5d6-588b-4c64-b277-15427937c963', '5154a8f7-7f1b-4bc6-8a64-b1a362745edc');
INSERT INTO arriendo_dispositivo (id_arriendo, id_dispositivo) VALUES ('7d00f254-4961-4d01-9935-f850704fc694', '8051c25f-7f31-4a5f-82d8-45b59bdc23ad');
INSERT INTO arriendo_dispositivo (id_arriendo, id_dispositivo) VALUES ('7d00f254-4961-4d01-9935-f850704fc694', 'bfdd08b2-9b12-4827-9d85-deede3480704');
INSERT INTO arriendo_dispositivo (id_arriendo, id_dispositivo) VALUES ('7d00f254-4961-4d01-9935-f850704fc694', '6ed05ea4-0f7e-49ec-bbb0-4b0c85c8a4f3');
INSERT INTO arriendo_dispositivo (id_arriendo, id_dispositivo) VALUES ('7d00f254-4961-4d01-9935-f850704fc694', '0475b5ca-0728-4db3-bc94-d46f26047259');
INSERT INTO arriendo_dispositivo (id_arriendo, id_dispositivo) VALUES ('cc6fffc8-355a-4a65-955c-871ccc417604', '000b2c90-0674-427d-860d-9e57a50473d6');
INSERT INTO arriendo_dispositivo (id_arriendo, id_dispositivo) VALUES ('6ecef062-de1c-4d82-b228-04d445e1e976', '60a9bd9a-a23a-420c-b41a-987cad50965d');
INSERT INTO arriendo_dispositivo (id_arriendo, id_dispositivo) VALUES ('6ecef062-de1c-4d82-b228-04d445e1e976', '04571b1a-b89c-45cb-9554-bc414d598f93');
INSERT INTO arriendo_dispositivo (id_arriendo, id_dispositivo) VALUES ('6ecef062-de1c-4d82-b228-04d445e1e976', 'fcd28b75-5307-4e1a-94e9-646b779c87fb');
INSERT INTO arriendo_dispositivo (id_arriendo, id_dispositivo) VALUES ('6ecef062-de1c-4d82-b228-04d445e1e976', 'cbbe0a4a-c531-4fa8-a7e0-8e730df637ee');
INSERT INTO arriendo_dispositivo (id_arriendo, id_dispositivo) VALUES ('6ecef062-de1c-4d82-b228-04d445e1e976', 'a6bf4870-061d-4287-b90c-cdc9109679f9');
INSERT INTO arriendo_dispositivo (id_arriendo, id_dispositivo) VALUES ('5dbf217b-c3fa-41df-9652-6eaf5bbd7156', 'ce54ddeb-2e92-4e1e-92bb-adf3dc4c9d71');
INSERT INTO arriendo_dispositivo (id_arriendo, id_dispositivo) VALUES ('5dbf217b-c3fa-41df-9652-6eaf5bbd7156', '55d071d9-a097-430a-8c98-4c8b542ce937');
INSERT INTO arriendo_dispositivo (id_arriendo, id_dispositivo) VALUES ('5dbf217b-c3fa-41df-9652-6eaf5bbd7156', '6f691c78-cad1-46ee-b7a7-c4328cbeadef');
INSERT INTO arriendo_dispositivo (id_arriendo, id_dispositivo) VALUES ('5dbf217b-c3fa-41df-9652-6eaf5bbd7156', 'cc766f68-cd18-41b0-962d-2f1a1c0e2093');
INSERT INTO arriendo_dispositivo (id_arriendo, id_dispositivo) VALUES ('5dbf217b-c3fa-41df-9652-6eaf5bbd7156', 'a0cbf97e-bb39-49bc-82e4-f6fb71513a9a');
INSERT INTO arriendo_dispositivo (id_arriendo, id_dispositivo) VALUES ('86a3277c-587f-4b85-96c2-68ebe9cbb2a9', '556f1229-4bfe-4653-ab36-1bbb344b67fe');
INSERT INTO arriendo_dispositivo (id_arriendo, id_dispositivo) VALUES ('86a3277c-587f-4b85-96c2-68ebe9cbb2a9', 'cc9e9b06-d6cc-47a9-bd7b-c3d6179c4a8d');
INSERT INTO arriendo_dispositivo (id_arriendo, id_dispositivo) VALUES ('86a3277c-587f-4b85-96c2-68ebe9cbb2a9', 'be766731-d308-4c58-9877-393f4b890414');
INSERT INTO arriendo_dispositivo (id_arriendo, id_dispositivo) VALUES ('86a3277c-587f-4b85-96c2-68ebe9cbb2a9', '890296c4-8c04-41dc-bb97-c9940d1df151');
INSERT INTO arriendo_dispositivo (id_arriendo, id_dispositivo) VALUES ('96479b95-a9cd-48c5-8e5a-ce246a1b410d', '19cd73fb-750b-4654-b228-d5568fe6e735');
INSERT INTO arriendo_dispositivo (id_arriendo, id_dispositivo) VALUES ('96479b95-a9cd-48c5-8e5a-ce246a1b410d', '7d7c6c05-744a-4d4f-800c-b0ffb4d5c909');
INSERT INTO arriendo_dispositivo (id_arriendo, id_dispositivo) VALUES ('96479b95-a9cd-48c5-8e5a-ce246a1b410d', '59e96ca1-1d4d-4f30-8390-989d1d1677b3');
INSERT INTO arriendo_dispositivo (id_arriendo, id_dispositivo) VALUES ('96479b95-a9cd-48c5-8e5a-ce246a1b410d', 'a9ee7ed6-651b-4307-89d9-d98a67d50843');
INSERT INTO arriendo_dispositivo (id_arriendo, id_dispositivo) VALUES ('81854067-89b5-4118-9a10-5f7a5927d372', 'a6afd2b0-728f-49d0-9507-9e88b596f66d');
INSERT INTO arriendo_dispositivo (id_arriendo, id_dispositivo) VALUES ('81854067-89b5-4118-9a10-5f7a5927d372', '187373da-779f-48a9-9f02-5beb3db38bc1');
INSERT INTO arriendo_dispositivo (id_arriendo, id_dispositivo) VALUES ('81854067-89b5-4118-9a10-5f7a5927d372', 'fe84442e-c608-4b14-95f4-7c991243f711');
INSERT INTO arriendo_dispositivo (id_arriendo, id_dispositivo) VALUES ('27c465a8-3671-4877-8a66-49b7da7f972c', 'ef22ba48-be43-432e-a8c9-d55208bc4c6c');
INSERT INTO arriendo_dispositivo (id_arriendo, id_dispositivo) VALUES ('27c465a8-3671-4877-8a66-49b7da7f972c', '0f79a24e-e126-4741-bcfb-c7cedf8ff40b');
INSERT INTO arriendo_dispositivo (id_arriendo, id_dispositivo) VALUES ('27c465a8-3671-4877-8a66-49b7da7f972c', '786c261c-50f7-45ed-93c4-8d0885d29c3a');
INSERT INTO arriendo_dispositivo (id_arriendo, id_dispositivo) VALUES ('27c465a8-3671-4877-8a66-49b7da7f972c', '14af5d37-358a-499a-9770-d2067214e03e');
INSERT INTO arriendo_dispositivo (id_arriendo, id_dispositivo) VALUES ('99a9b819-f7cb-49a2-b6ed-e1064d74518c', '53fbb86d-1755-44bc-b7c0-0e8e5e2dbfc7');
INSERT INTO arriendo_dispositivo (id_arriendo, id_dispositivo) VALUES ('b09e08e0-4586-49df-b5d3-257ae8e636b4', '314d9a35-c2d9-4b34-beb4-3e2f21eeb071');
INSERT INTO arriendo_dispositivo (id_arriendo, id_dispositivo) VALUES ('b09e08e0-4586-49df-b5d3-257ae8e636b4', '1916949c-a2aa-4316-a98f-54ac34134b6f');
INSERT INTO arriendo_dispositivo (id_arriendo, id_dispositivo) VALUES ('b09e08e0-4586-49df-b5d3-257ae8e636b4', 'fcbd194f-1541-44d6-a141-31103c2e62e2');
INSERT INTO arriendo_dispositivo (id_arriendo, id_dispositivo) VALUES ('b09e08e0-4586-49df-b5d3-257ae8e636b4', '23c36389-0fb9-45b7-a12e-9e37e63ec533');
INSERT INTO arriendo_dispositivo (id_arriendo, id_dispositivo) VALUES ('b09e08e0-4586-49df-b5d3-257ae8e636b4', '61e95f6d-9caa-4ebe-bd68-8fd5f39a1d74');
INSERT INTO arriendo_dispositivo (id_arriendo, id_dispositivo) VALUES ('68e39bf3-5400-457a-8f2b-19e09c634cc9', 'b4a0e58d-c0df-47ff-a4f0-1abd8aae10e8');
INSERT INTO arriendo_dispositivo (id_arriendo, id_dispositivo) VALUES ('68e39bf3-5400-457a-8f2b-19e09c634cc9', '6f11cc2e-3f28-4669-b628-c9196754452f');
INSERT INTO arriendo_dispositivo (id_arriendo, id_dispositivo) VALUES ('68e39bf3-5400-457a-8f2b-19e09c634cc9', '52d45fb0-4f2b-4b62-8a0f-fb742563c1a4');
INSERT INTO arriendo_dispositivo (id_arriendo, id_dispositivo) VALUES ('68e39bf3-5400-457a-8f2b-19e09c634cc9', '3f8f1740-985c-4b9a-883c-4af53f2eefbd');
INSERT INTO arriendo_dispositivo (id_arriendo, id_dispositivo) VALUES ('68e39bf3-5400-457a-8f2b-19e09c634cc9', '0f749b14-4340-49fe-9320-a511a7e5e0ce');
INSERT INTO arriendo_dispositivo (id_arriendo, id_dispositivo) VALUES ('2846b1d4-0a9c-462d-b8d4-00b1505f0d9b', '28a33e40-f5c6-48be-868c-19a0ac96d79f');
INSERT INTO arriendo_dispositivo (id_arriendo, id_dispositivo) VALUES ('2846b1d4-0a9c-462d-b8d4-00b1505f0d9b', '9514be45-ab3f-4de2-b190-482eebbe9112');
INSERT INTO arriendo_dispositivo (id_arriendo, id_dispositivo) VALUES ('2846b1d4-0a9c-462d-b8d4-00b1505f0d9b', '1760df65-65fd-4669-b4d1-134d21e194d7');
INSERT INTO arriendo_dispositivo (id_arriendo, id_dispositivo) VALUES ('2846b1d4-0a9c-462d-b8d4-00b1505f0d9b', 'ea70ff23-e795-4e46-8bdd-9e3de353dc9f');
INSERT INTO arriendo_dispositivo (id_arriendo, id_dispositivo) VALUES ('81fac4b8-fe30-4508-b43c-9f30d9b8806d', '00789d4a-5c5b-4da3-a6d5-c1938ddf40d1');
INSERT INTO arriendo_dispositivo (id_arriendo, id_dispositivo) VALUES ('81fac4b8-fe30-4508-b43c-9f30d9b8806d', '41cd8d7a-3459-47a7-bda8-6b8f5a1af1e9');
INSERT INTO arriendo_dispositivo (id_arriendo, id_dispositivo) VALUES ('81fac4b8-fe30-4508-b43c-9f30d9b8806d', '0ad4384a-fb51-4a10-b163-bcd3489e2b0e');
INSERT INTO arriendo_dispositivo (id_arriendo, id_dispositivo) VALUES ('81fac4b8-fe30-4508-b43c-9f30d9b8806d', 'c8dc1961-838a-4306-8266-175b18586390');
INSERT INTO arriendo_dispositivo (id_arriendo, id_dispositivo) VALUES ('81fac4b8-fe30-4508-b43c-9f30d9b8806d', '620862ec-66a2-4cce-80e4-33feabd0e4d1');
INSERT INTO arriendo_dispositivo (id_arriendo, id_dispositivo) VALUES ('4e0f3afa-d2d3-4ebf-9ed5-9ad17521aeee', '714482da-1f41-4de3-84df-ec4b5347bd48');
INSERT INTO arriendo_dispositivo (id_arriendo, id_dispositivo) VALUES ('4e0f3afa-d2d3-4ebf-9ed5-9ad17521aeee', 'd6b463f5-3f6c-4c53-820d-4b1fffb88534');
INSERT INTO arriendo_dispositivo (id_arriendo, id_dispositivo) VALUES ('4e0f3afa-d2d3-4ebf-9ed5-9ad17521aeee', '7d9a9d8c-6ff8-464a-9520-67b62902be2f');
INSERT INTO arriendo_dispositivo (id_arriendo, id_dispositivo) VALUES ('4e0f3afa-d2d3-4ebf-9ed5-9ad17521aeee', '93cbd5c7-91dd-4435-ad5e-d27f4b4947bf');
INSERT INTO arriendo_dispositivo (id_arriendo, id_dispositivo) VALUES ('112acba6-91e5-47b8-aec2-0650522e2c93', '47693578-53f5-45e3-9b24-589576e0273a');
INSERT INTO arriendo_dispositivo (id_arriendo, id_dispositivo) VALUES ('97250b60-7b57-443b-bdaa-9ef9524c2294', 'b43165c2-3b1d-43a6-96bb-0cec0a638583');
INSERT INTO arriendo_dispositivo (id_arriendo, id_dispositivo) VALUES ('97250b60-7b57-443b-bdaa-9ef9524c2294', 'f32dfcb3-d85a-45d8-b280-ec5ce1a1b412');
INSERT INTO arriendo_dispositivo (id_arriendo, id_dispositivo) VALUES ('97250b60-7b57-443b-bdaa-9ef9524c2294', '4fd6cd0e-23ba-4100-869c-6282f1aede7e');
INSERT INTO arriendo_dispositivo (id_arriendo, id_dispositivo) VALUES ('97250b60-7b57-443b-bdaa-9ef9524c2294', '5690ccb3-4312-49aa-81b6-bb7a2e50471b');
INSERT INTO arriendo_dispositivo (id_arriendo, id_dispositivo) VALUES ('c426b5c7-d141-49e3-9acd-5cedc6e79add', '978b8973-2260-476d-81f4-41948a4f3dba');
INSERT INTO arriendo_dispositivo (id_arriendo, id_dispositivo) VALUES ('c426b5c7-d141-49e3-9acd-5cedc6e79add', 'cd9c4c3a-5d81-4e77-8100-c8212514c6f3');
INSERT INTO arriendo_dispositivo (id_arriendo, id_dispositivo) VALUES ('66a45a31-67f7-4c51-82ae-3dbb9dc37e13', '934c4331-9148-4463-aa94-5cfbdb11e2bc');
INSERT INTO arriendo_dispositivo (id_arriendo, id_dispositivo) VALUES ('66a45a31-67f7-4c51-82ae-3dbb9dc37e13', 'b2852e43-9e03-429a-a4e8-21e67c5c3cd1');
INSERT INTO arriendo_dispositivo (id_arriendo, id_dispositivo) VALUES ('66a45a31-67f7-4c51-82ae-3dbb9dc37e13', '77084f13-2724-41f8-980a-5c48f38abe2f');
INSERT INTO arriendo_dispositivo (id_arriendo, id_dispositivo) VALUES ('655a3584-1c5f-4ff4-8e98-1c174ed05ce5', '7e553382-1fae-42b1-930d-c403ca84512c');
INSERT INTO arriendo_dispositivo (id_arriendo, id_dispositivo) VALUES ('655a3584-1c5f-4ff4-8e98-1c174ed05ce5', '34a81495-3026-4e7d-94c7-4ac3d4cb9db2');
INSERT INTO arriendo_dispositivo (id_arriendo, id_dispositivo) VALUES ('655a3584-1c5f-4ff4-8e98-1c174ed05ce5', '38620fa0-80a7-48b6-aabc-20ee7b8834d5');
INSERT INTO arriendo_dispositivo (id_arriendo, id_dispositivo) VALUES ('655a3584-1c5f-4ff4-8e98-1c174ed05ce5', 'f62c120c-a220-4ec6-bde6-7dae73ff5612');
INSERT INTO arriendo_dispositivo (id_arriendo, id_dispositivo) VALUES ('79472771-0cf9-4f48-8bbf-18be87891ee9', '3c58b15a-1444-4eec-9a22-6da99fe2c8f7');
INSERT INTO arriendo_dispositivo (id_arriendo, id_dispositivo) VALUES ('79472771-0cf9-4f48-8bbf-18be87891ee9', '5154a8f7-7f1b-4bc6-8a64-b1a362745edc');
INSERT INTO arriendo_dispositivo (id_arriendo, id_dispositivo) VALUES ('79472771-0cf9-4f48-8bbf-18be87891ee9', '8051c25f-7f31-4a5f-82d8-45b59bdc23ad');
INSERT INTO arriendo_dispositivo (id_arriendo, id_dispositivo) VALUES ('79472771-0cf9-4f48-8bbf-18be87891ee9', 'bfdd08b2-9b12-4827-9d85-deede3480704');
INSERT INTO arriendo_dispositivo (id_arriendo, id_dispositivo) VALUES ('79472771-0cf9-4f48-8bbf-18be87891ee9', '6ed05ea4-0f7e-49ec-bbb0-4b0c85c8a4f3');
INSERT INTO arriendo_dispositivo (id_arriendo, id_dispositivo) VALUES ('e51ddcb7-4a4e-4bf6-a3a1-dd4acb3e1edb', '0475b5ca-0728-4db3-bc94-d46f26047259');
INSERT INTO arriendo_dispositivo (id_arriendo, id_dispositivo) VALUES ('e51ddcb7-4a4e-4bf6-a3a1-dd4acb3e1edb', '000b2c90-0674-427d-860d-9e57a50473d6');
INSERT INTO arriendo_dispositivo (id_arriendo, id_dispositivo) VALUES ('e51ddcb7-4a4e-4bf6-a3a1-dd4acb3e1edb', '187373da-779f-48a9-9f02-5beb3db38bc1');
INSERT INTO arriendo_dispositivo (id_arriendo, id_dispositivo) VALUES ('e51ddcb7-4a4e-4bf6-a3a1-dd4acb3e1edb', 'fe84442e-c608-4b14-95f4-7c991243f711');
INSERT INTO arriendo_dispositivo (id_arriendo, id_dispositivo) VALUES ('b3834d0c-c963-4173-9fa2-09e69c41851c', 'ef22ba48-be43-432e-a8c9-d55208bc4c6c');
INSERT INTO arriendo_dispositivo (id_arriendo, id_dispositivo) VALUES ('b3834d0c-c963-4173-9fa2-09e69c41851c', '0f79a24e-e126-4741-bcfb-c7cedf8ff40b');
INSERT INTO arriendo_dispositivo (id_arriendo, id_dispositivo) VALUES ('b3834d0c-c963-4173-9fa2-09e69c41851c', '786c261c-50f7-45ed-93c4-8d0885d29c3a');
INSERT INTO arriendo_dispositivo (id_arriendo, id_dispositivo) VALUES ('b3834d0c-c963-4173-9fa2-09e69c41851c', '14af5d37-358a-499a-9770-d2067214e03e');
INSERT INTO arriendo_dispositivo (id_arriendo, id_dispositivo) VALUES ('b3834d0c-c963-4173-9fa2-09e69c41851c', '53fbb86d-1755-44bc-b7c0-0e8e5e2dbfc7');
INSERT INTO arriendo_dispositivo (id_arriendo, id_dispositivo) VALUES ('34deef36-6b53-4260-b99a-bf73019dc947', '314d9a35-c2d9-4b34-beb4-3e2f21eeb071');
INSERT INTO arriendo_dispositivo (id_arriendo, id_dispositivo) VALUES ('34deef36-6b53-4260-b99a-bf73019dc947', '1916949c-a2aa-4316-a98f-54ac34134b6f');
INSERT INTO arriendo_dispositivo (id_arriendo, id_dispositivo) VALUES ('34deef36-6b53-4260-b99a-bf73019dc947', 'fcbd194f-1541-44d6-a141-31103c2e62e2');
INSERT INTO arriendo_dispositivo (id_arriendo, id_dispositivo) VALUES ('8a89f561-eb9d-4ece-9adb-bea017b3e347', '23c36389-0fb9-45b7-a12e-9e37e63ec533');
INSERT INTO arriendo_dispositivo (id_arriendo, id_dispositivo) VALUES ('8a89f561-eb9d-4ece-9adb-bea017b3e347', '61e95f6d-9caa-4ebe-bd68-8fd5f39a1d74');
INSERT INTO arriendo_dispositivo (id_arriendo, id_dispositivo) VALUES ('8a89f561-eb9d-4ece-9adb-bea017b3e347', 'b4a0e58d-c0df-47ff-a4f0-1abd8aae10e8');
INSERT INTO arriendo_dispositivo (id_arriendo, id_dispositivo) VALUES ('8a89f561-eb9d-4ece-9adb-bea017b3e347', '6f11cc2e-3f28-4669-b628-c9196754452f');
INSERT INTO arriendo_dispositivo (id_arriendo, id_dispositivo) VALUES ('8a89f561-eb9d-4ece-9adb-bea017b3e347', '52d45fb0-4f2b-4b62-8a0f-fb742563c1a4');
INSERT INTO arriendo_dispositivo (id_arriendo, id_dispositivo) VALUES ('33b73df2-b6d9-4af5-b4d2-43a14d62cd3f', '3f8f1740-985c-4b9a-883c-4af53f2eefbd');
INSERT INTO arriendo_dispositivo (id_arriendo, id_dispositivo) VALUES ('33b73df2-b6d9-4af5-b4d2-43a14d62cd3f', '0f749b14-4340-49fe-9320-a511a7e5e0ce');
INSERT INTO arriendo_dispositivo (id_arriendo, id_dispositivo) VALUES ('ed3d0ec6-951f-4062-b095-19d52d4f8a24', '28a33e40-f5c6-48be-868c-19a0ac96d79f');
INSERT INTO arriendo_dispositivo (id_arriendo, id_dispositivo) VALUES ('aa08a022-0992-4ea8-a678-962505ac3e42', '9514be45-ab3f-4de2-b190-482eebbe9112');
INSERT INTO arriendo_dispositivo (id_arriendo, id_dispositivo) VALUES ('aa08a022-0992-4ea8-a678-962505ac3e42', '1760df65-65fd-4669-b4d1-134d21e194d7');
INSERT INTO arriendo_dispositivo (id_arriendo, id_dispositivo) VALUES ('aa08a022-0992-4ea8-a678-962505ac3e42', 'ea70ff23-e795-4e46-8bdd-9e3de353dc9f');
INSERT INTO arriendo_dispositivo (id_arriendo, id_dispositivo) VALUES ('aa08a022-0992-4ea8-a678-962505ac3e42', '00789d4a-5c5b-4da3-a6d5-c1938ddf40d1');
INSERT INTO arriendo_dispositivo (id_arriendo, id_dispositivo) VALUES ('2ef55847-da9a-4f3d-9dee-e37a08608956', '41cd8d7a-3459-47a7-bda8-6b8f5a1af1e9');
INSERT INTO arriendo_dispositivo (id_arriendo, id_dispositivo) VALUES ('2ef55847-da9a-4f3d-9dee-e37a08608956', '0ad4384a-fb51-4a10-b163-bcd3489e2b0e');
INSERT INTO arriendo_dispositivo (id_arriendo, id_dispositivo) VALUES ('2ef55847-da9a-4f3d-9dee-e37a08608956', 'c8dc1961-838a-4306-8266-175b18586390');
INSERT INTO arriendo_dispositivo (id_arriendo, id_dispositivo) VALUES ('0b842b17-2dd3-4118-9399-986211040686', '620862ec-66a2-4cce-80e4-33feabd0e4d1');
INSERT INTO arriendo_dispositivo (id_arriendo, id_dispositivo) VALUES ('c08c0be8-0c8b-434b-ae58-9893591530f7', '714482da-1f41-4de3-84df-ec4b5347bd48');
INSERT INTO arriendo_dispositivo (id_arriendo, id_dispositivo) VALUES ('c08c0be8-0c8b-434b-ae58-9893591530f7', 'd6b463f5-3f6c-4c53-820d-4b1fffb88534');
INSERT INTO arriendo_dispositivo (id_arriendo, id_dispositivo) VALUES ('c08c0be8-0c8b-434b-ae58-9893591530f7', '7d9a9d8c-6ff8-464a-9520-67b62902be2f');
INSERT INTO arriendo_dispositivo (id_arriendo, id_dispositivo) VALUES ('3f3e18ed-68aa-4017-8f8b-cb9e1b697328', '93cbd5c7-91dd-4435-ad5e-d27f4b4947bf');
INSERT INTO arriendo_dispositivo (id_arriendo, id_dispositivo) VALUES ('3f3e18ed-68aa-4017-8f8b-cb9e1b697328', 'f47a1c35-1816-4d2e-8a65-b7f3c4c9dbfc');
INSERT INTO arriendo_dispositivo (id_arriendo, id_dispositivo) VALUES ('393c61f2-de57-49de-a4f3-c810d34ac3d6', '47d25496-82f0-4d79-9efb-6b070606d629');
INSERT INTO arriendo_dispositivo (id_arriendo, id_dispositivo) VALUES ('393c61f2-de57-49de-a4f3-c810d34ac3d6', 'f9463fde-10b5-4efa-90d1-3ca846e4e5bc');
INSERT INTO arriendo_dispositivo (id_arriendo, id_dispositivo) VALUES ('d6dc49f2-e042-42b7-98c6-fff3cc7c516c', 'b16b2daf-bf9d-4320-9abe-825dbfaa13b3');
INSERT INTO arriendo_dispositivo (id_arriendo, id_dispositivo) VALUES ('d6dc49f2-e042-42b7-98c6-fff3cc7c516c', 'aa4824bd-c7de-42b0-8ca1-9b0c80536b7e');